players,starttime,durationaverage,durationstd
1,0,0.3986,0.059559214
2,0,0.4808,0.075157834
4,0,0.544,0.128819641
8,0,0.612,0.082304313
12,0,0.6368,0.052213025
16,0,0.8136,0.119378809
1,1000,0.456,0.032357379
2,1000,0.4798,0.080973452
4,1000,0.6506,0.072507241
8,1000,1.015,0.276864588
12,1000,1.233,0.085049985
16,1000,1.4508,0.179004749
